{
  "rigidBodies": [
    {
      "name": "circle",
      "imagePath": "../../../../../../atlas/1/deff.png",
      "origin": {
        "x": 0.5,
        "y": 0.5
      },
      "polygons": [],
      "circles": [
        {
          "cx": 0,
          "cy": 0,
          "r": 0.5
        }
      ],
      "shapes": [
        {
          "type": "CIRCLE",
          "vertices": [
            {
              "x": 0,
              "y": 0
            },
            {
              "x": 0,
              "y": 0.5
            }
          ]
        }
      ]
    },
    {
      "name": "rect",
      "imagePath": "rect.png",
      "origin": {
        "x": 0.5,
        "y": 0.5
      },
      "polygons": [
        [
          {
            "x": 0,
            "y": 0
          },
          {
            "x": 0,
            "y": 1
          },
          {
            "x": 1,
            "y": 1
          },
          {
            "x": 1,
            "y": 0
          }
        ]
      ],
      "circles": [],
      "shapes": [
        {
          "type": "POLYGON",
          "vertices": [
            {
              "x": 0,
              "y": 0
            },
            {
              "x": 0,
              "y": 1
            },
            {
              "x": 1,
              "y": 1
            },
            {
              "x": 1,
              "y": 0
            }
          ]
        }
      ]
    },
    {
      "name": "v",
      "imagePath": "v.png",
      "origin": {
        "x": 0,
        "y": 0
      },
      "polygons": [
        [
          {
            "x": 5.415264167822897E-4,
            "y": 7.916540489532053E-4
          },
          {
            "x": 0.9997917413711548,
            "y": 6.25014363322407E-4
          },
          {
            "x": 0.9984410405158997,
            "y": 35.47893524169922
          },
          {
            "x": 2.1175295114517212E-4,
            "y": 35.4798698425293
          }
        ]
      ],
      "circles": [],
      "shapes": [
        {
          "type": "POLYGON",
          "vertices": [
            {
              "x": 5.415264167822897E-4,
              "y": 7.916540489532053E-4
            },
            {
              "x": 0.9997917413711548,
              "y": 6.25014363322407E-4
            },
            {
              "x": 0.9984410405158997,
              "y": 35.47893524169922
            },
            {
              "x": 2.1175295114517212E-4,
              "y": 35.4798698425293
            }
          ]
        }
      ]
    },
    {
      "name": "h",
      "imagePath": "h.png",
      "origin": {
        "x": 0,
        "y": 0
      },
      "polygons": [
        [
          {
            "x": -3.725290298461914E-8,
            "y": -6.247126293601468E-5
          },
          {
            "x": 0.9996561408042908,
            "y": 7.170308963395655E-4
          },
          {
            "x": 0.9999061822891235,
            "y": 0.04621703177690506
          },
          {
            "x": -2.5003778864629567E-4,
            "y": 0.04568752646446228
          }
        ]
      ],
      "circles": [],
      "shapes": [
        {
          "type": "POLYGON",
          "vertices": [
            {
              "x": -3.725290298461914E-8,
              "y": -6.247126293601468E-5
            },
            {
              "x": 0.9996561408042908,
              "y": 7.170308963395655E-4
            },
            {
              "x": 0.9999061822891235,
              "y": 0.04621703177690506
            },
            {
              "x": -2.5003778864629567E-4,
              "y": 0.04568752646446228
            }
          ]
        }
      ]
    },
    {
      "name": "gun",
      "imagePath": "gun.png",
      "origin": {
        "x": 0.49487534165382385,
        "y": 0.29112499952316284
      },
      "polygons": [
        [
          {
            "x": 0.8737501502037048,
            "y": 0.1312500238418579
          },
          {
            "x": 0.8312501907348633,
            "y": 1.2087500095367432
          },
          {
            "x": 0.16125014424324036,
            "y": 1.2037500143051147
          },
          {
            "x": 0.0862501859664917,
            "y": 0.1587499976158142
          },
          {
            "x": 0.5037501454353333,
            "y": 0.003750026226043701
          }
        ]
      ],
      "circles": [],
      "shapes": [
        {
          "type": "POLYGON",
          "vertices": [
            {
              "x": 0.5037501454353333,
              "y": 0.003750026226043701
            },
            {
              "x": 0.0862501859664917,
              "y": 0.1587499976158142
            },
            {
              "x": 0.16125014424324036,
              "y": 1.2037500143051147
            },
            {
              "x": 0.8312501907348633,
              "y": 1.2087500095367432
            },
            {
              "x": 0.8737501502037048,
              "y": 0.1312500238418579
            }
          ]
        }
      ]
    }
  ],
  "dynamicObjects": []
}