{
  "rigidBodies": [
    {
      "name": "circle",
      "imagePath": "../../../../../../atlas/1/deff.png",
      "origin": {
        "x": 0.5,
        "y": 0.5
      },
      "polygons": [],
      "circles": [
        {
          "cx": 0,
          "cy": 0,
          "r": 0.5
        }
      ],
      "shapes": [
        {
          "type": "CIRCLE",
          "vertices": [
            {
              "x": 0,
              "y": 0
            },
            {
              "x": 0,
              "y": 0.5
            }
          ]
        }
      ]
    },
    {
      "name": "cube",
      "imagePath": "cube.png",
      "origin": {
        "x": 0.49901893734931946,
        "y": 0.5034583806991577
      },
      "polygons": [
        [
          {
            "x": 0.021874666213989258,
            "y": 0.2943749725818634
          },
          {
            "x": 0.49437472224235535,
            "y": 0.013124972581863403
          },
          {
            "x": 0.9806244373321533,
            "y": 0.2881249189376831
          },
          {
            "x": 0.9793745875358582,
            "y": 0.8168749213218689
          },
          {
            "x": 0.5106246471405029,
            "y": 1.1043750047683716
          },
          {
            "x": 0.0343746542930603,
            "y": 0.8331249952316284
          }
        ]
      ],
      "circles": [],
      "shapes": [
        {
          "type": "POLYGON",
          "vertices": [
            {
              "x": 0.021874666213989258,
              "y": 0.2943749725818634
            },
            {
              "x": 0.49437472224235535,
              "y": 0.013124972581863403
            },
            {
              "x": 0.9806244373321533,
              "y": 0.2881249189376831
            },
            {
              "x": 0.9793745875358582,
              "y": 0.8168749213218689
            },
            {
              "x": 0.5106246471405029,
              "y": 1.1043750047683716
            },
            {
              "x": 0.0343746542930603,
              "y": 0.8331249952316284
            }
          ]
        }
      ]
    },
    {
      "name": "border",
      "imagePath": "shaker.png",
      "origin": {
        "x": 0,
        "y": 0
      },
      "polygons": [
        [
          {
            "x": 0.05520828813314438,
            "y": 0.03395843505859375
          },
          {
            "x": 0.026458285748958588,
            "y": 0.06312510371208191
          },
          {
            "x": 0.040917087346315384,
            "y": 0.0204163808375597
          }
        ],
        [
          {
            "x": 0.040917087346315384,
            "y": 0.0204163808375597
          },
          {
            "x": 0.9946461319923401,
            "y": 0.011395584791898727
          },
          {
            "x": 0.9486875534057617,
            "y": 0.03302093595266342
          },
          {
            "x": 0.05520828813314438,
            "y": 0.03395843505859375
          }
        ],
        [
          {
            "x": 0.9946461319923401,
            "y": 0.011395584791898727
          },
          {
            "x": 0.9734375476837158,
            "y": 0.06302093714475632
          },
          {
            "x": 0.9486875534057617,
            "y": 0.03302093595266342
          }
        ],
        [
          {
            "x": 0.9946461319923401,
            "y": 0.011395584791898727
          },
          {
            "x": 1.004521369934082,
            "y": 1.0006039142608643
          },
          {
            "x": 0.9746877551078796,
            "y": 0.942604124546051
          },
          {
            "x": 0.9734375476837158,
            "y": 0.06302093714475632
          }
        ],
        [
          {
            "x": 1.004521369934082,
            "y": 1.0006039142608643
          },
          {
            "x": 0.9409377574920654,
            "y": 0.9743541479110718
          },
          {
            "x": 0.9746877551078796,
            "y": 0.942604124546051
          }
        ],
        [
          {
            "x": 1.004521369934082,
            "y": 1.0006039142608643
          },
          {
            "x": 0.01633359119296074,
            "y": 1.0001661777496338
          },
          {
            "x": 0.06250026822090149,
            "y": 0.9704166650772095
          },
          {
            "x": 0.9409377574920654,
            "y": 0.9743541479110718
          }
        ],
        [
          {
            "x": 0.01633359119296074,
            "y": 1.0001661777496338
          },
          {
            "x": 0.03225027024745941,
            "y": 0.9414166808128357
          },
          {
            "x": 0.06250026822090149,
            "y": 0.9704166650772095
          }
        ],
        [
          {
            "x": 0.01633359119296074,
            "y": 1.0001661777496338
          },
          {
            "x": 0.015833714976906776,
            "y": 0.057666487991809845
          },
          {
            "x": 0.02358371391892433,
            "y": 0.05666649341583252
          },
          {
            "x": 0.03225027024745941,
            "y": 0.9414166808128357
          }
        ]
      ],
      "circles": [],
      "shapes": [
        {
          "type": "POLYGON",
          "vertices": [
            {
              "x": 0.026458285748958588,
              "y": 0.06312510371208191
            },
            {
              "x": 0.05520828813314438,
              "y": 0.03395843505859375
            },
            {
              "x": 0.9486875534057617,
              "y": 0.03302093595266342
            },
            {
              "x": 0.9734375476837158,
              "y": 0.06302093714475632
            },
            {
              "x": 0.9746877551078796,
              "y": 0.942604124546051
            },
            {
              "x": 0.9409377574920654,
              "y": 0.9743541479110718
            },
            {
              "x": 0.06250026822090149,
              "y": 0.9704166650772095
            },
            {
              "x": 0.03225027024745941,
              "y": 0.9414166808128357
            },
            {
              "x": 0.02358371391892433,
              "y": 0.05666649341583252
            },
            {
              "x": 0.015833714976906776,
              "y": 0.057666487991809845
            },
            {
              "x": 0.01633359119296074,
              "y": 1.0001661777496338
            },
            {
              "x": 1.004521369934082,
              "y": 1.0006039142608643
            },
            {
              "x": 0.9946461319923401,
              "y": 0.011395584791898727
            },
            {
              "x": 0.040917087346315384,
              "y": 0.0204163808375597
            }
          ]
        }
      ]
    }
  ],
  "dynamicObjects": []
}